{
    "GuiXml": {
        "childs": {
            "Animations": {
                "childs": {
                    "AlphaAnimation": {
                        "attributes": {
                            "endAlpha": "number",
                            "startAlpha": "number"
                        }
                    },
                    "AnimationTimeline": {
                        "attributes": {
                            "delay": "integer",
                            "enabled": "bool",
                            "inherits": "string",
                            "loopCount": "string",
                            "minDuration": "integer",
                            "playbackType": "[AnimationPlayback|#AnimationPlayback]"
                        },
                        "childs": {
                            "Callbacks": {
                                "childs": {
                                    "Callback": {
                                        "callable": "local self, time = ..."
                                    }
                                }
                            },
                            "OnDurationChanged": {
                                "callable": "local self, duration = ..."
                            },
                            "OnPlay": {
                                "callable": "local self, completedPlaying = ..."
                            },
                            "OnStop": {
                                "callable": "local self, completedPlaying = ..."
                            }
                        }
                    },
                    "ColorAnimation": {
                        "attributes": {
                            "applyAlpha": "bool",
                            "endColor": "string",
                            "startColor": "string"
                        }
                    },
                    "CustomAnimation": {
                        "childs": {
                            "UpdateFunction": {
                                "callable": "local self, progress = ..."
                            }
                        }
                    },
                    "Rotate3DAnimation": {
                        "attributes": {
                            "endPitch": "number",
                            "endRoll": "number",
                            "endYaw": "number",
                            "startPitch": "number",
                            "startRoll": "number",
                            "startYaw": "number"
                        }
                    },
                    "ScaleAnimation": {
                        "attributes": {
                            "endScale": "number",
                            "startScale": "number"
                        }
                    },
                    "SizeAnimation": {
                        "attributes": {
                            "endHeight": "number",
                            "endWidth": "number",
                            "startHeight": "number",
                            "startWidth": "number"
                        }
                    },
                    "TextureAnimation": {
                        "attributes": {
                            "cellsHigh": "integer",
                            "cellsWide": "integer",
                            "framerate": "number",
                            "mirrorAlongX": "bool",
                            "mirrorAlongY": "bool"
                        }
                    },
                    "TextureRotateAnimation": {
                        "attributes": {
                            "endRotation": "number",
                            "startRotation": "number"
                        }
                    },
                    "Translate3DAnimation": {
                        "attributes": {
                            "deltaX": "number",
                            "deltaXFromEnd": "number",
                            "deltaY": "number",
                            "deltaYFromEnd": "number",
                            "deltaZ": "number",
                            "deltaZFromEnd": "number",
                            "endX": "number",
                            "endY": "number",
                            "endZ": "number",
                            "startX": "number",
                            "startY": "number",
                            "startZ": "number"
                        }
                    },
                    "TranslateAnimation": {
                        "attributes": {
                            "anchorIndex": "integer",
                            "deltaX": "number",
                            "deltaXFromEnd": "number",
                            "deltaY": "number",
                            "deltaYFromEnd": "number",
                            "endX": "number",
                            "endY": "number",
                            "startX": "number",
                            "startY": "number"
                        }
                    }
                }
            },
            "Controls": {
                "childs": {
                    "Backdrop": {
                        "attributes": {
                            "blendMode": "[TextureBlendMode|#TextureBlendMode]",
                            "centerColor": "string",
                            "edgeColor": "string",
                            "integralWrapping": "bool",
                            "pixelRoundingEnabled": "bool",
                            "textureFileReleaseOption": "[ReleaseReferenceOptions|#ReleaseReferenceOptions]"
                        },
                        "childs": {
                            "Center": {
                                "attributes": {
                                    "file": "string",
                                    "tileSize": "integer",
                                    "tiled": "bool"
                                }
                            },
                            "Edge": {
                                "attributes": {
                                    "edgeFileHeight": "integer",
                                    "edgeFilePadding": "integer",
                                    "edgeFileWidth": "integer",
                                    "edgeSize": "integer",
                                    "file": "string"
                                }
                            },
                            "Insets": {
                                "attributes": {
                                    "bottom": "number",
                                    "left": "number",
                                    "right": "number",
                                    "top": "number"
                                }
                            }
                        }
                    },
                    "Browser": {
                        "childs": {
                            "OnLoadFinished": {
                                "callable": "local self = ..."
                            },
                            "OnLoadStart": {
                                "callable": "local self = ..."
                            },
                            "OnRequestClose": {
                                "callable": "local self = ..."
                            }
                        }
                    },
                    "Button": {
                        "attributes": {
                            "clickSound": "string",
                            "endCapWidth": "integer",
                            "font": "string",
                            "horizontalAlignment": "[TextAlignment|#TextAlignment]",
                            "modifyTextType": "[ModifyTextType|#ModifyTextType]",
                            "mouseOverBlendMode": "[TextureBlendMode|#TextureBlendMode]",
                            "pixelRoundingEnabled": "bool",
                            "text": "string",
                            "textureFileReleaseOption": "[ReleaseReferenceOptions|#ReleaseReferenceOptions]",
                            "verticalAlignment": "[TextAlignment|#TextAlignment]"
                        },
                        "childs": {
                            "ButtonState": {
                                "attributes": {
                                    "locked": "bool",
                                    "state": "#ButtonState"
                                }
                            },
                            "FontColors": {
                                "attributes": {
                                    "disabledColor": "string",
                                    "disabledPressedColor": "string",
                                    "mouseOverColor": "string",
                                    "normalColor": "string",
                                    "pressedColor": "string"
                                }
                            },
                            "MouseButton": {
                                "attributes": {
                                    "button": "integer",
                                    "enabled": "bool"
                                }
                            },
                            "NormalOffset": {
                                "attributes": {
                                    "x": "number",
                                    "y": "number"
                                }
                            },
                            "OnClicked": {
                                "callable": "local self, button, ctrl, alt, shift, command = ..."
                            },
                            "PressedOffset": {
                                "attributes": {
                                    "x": "number",
                                    "y": "number"
                                }
                            },
                            "TextureCoords": {
                                "attributes": {
                                    "bottom": "number",
                                    "left": "number",
                                    "right": "number",
                                    "top": "number"
                                }
                            },
                            "Textures": {
                                "attributes": {
                                    "disabled": "string",
                                    "disabledPressed": "string",
                                    "mouseOver": "string",
                                    "normal": "string",
                                    "pressed": "string",
                                    "pressedMouseOver": "string"
                                }
                            }
                        }
                    },
                    "ColorSelect": {
                        "childs": {
                            "OnColorSelected": {
                                "callable": "local self, r, g, b = ..."
                            }
                        }
                    },
                    "Compass": {
                        "childs": {
                            "CompassPinType": {
                                "attributes": {
                                    "aboveTexture": "string",
                                    "addedAnimation": "string",
                                    "allowUpdatesWhenAnimating": "bool",
                                    "animation": "string",
                                    "areaTexture": "string",
                                    "belowTexture": "string",
                                    "clamped": "bool",
                                    "closeAlpha": "number",
                                    "closeAlphaDistanceM": "number",
                                    "closeScale": "number",
                                    "closeScaleDistanceM": "number",
                                    "drawLevelOffsetBase": "integer",
                                    "farAlpha": "number",
                                    "farAlphaDistanceM": "number",
                                    "farScale": "number",
                                    "farScaleDistanceM": "number",
                                    "layer": "#DrawLayer",
                                    "linkTexture": "string",
                                    "maxDistanceM": "number",
                                    "name": "#MapDisplayPinType",
                                    "pinSize": "number",
                                    "pinTexture": "string",
                                    "removedAnimation": "string"
                                }
                            }
                        }
                    },
                    "Control": {
                        "attributes": {
                            "alpha": "number",
                            "clampedToScreen": "bool",
                            "excludeFromResizeToFitExtents": "bool",
                            "hidden": "bool",
                            "id": "integer",
                            "inheritAlpha": "bool",
                            "inheritScale": "bool",
                            "inherits": "string",
                            "keyboardEnabled": "bool",
                            "layer": "string",
                            "level": "integer",
                            "mouseEnabled": "bool",
                            "movable": "bool",
                            "resizeHandleSize": "number",
                            "resizeToFitDescendents": "bool",
                            "scale": "number",
                            "tier": "string"
                        },
                        "childs": {
                            "Anchor": {
                                "attributes": {
                                    "constrains": "#AnchorConstrains",
                                    "offsetX": "number",
                                    "offsetY": "number",
                                    "point": "#AnchorPosition",
                                    "relativePoint": "#AnchorPosition",
                                    "relativeTo": "string"
                                }
                            },
                            "AnchorFill": [],
                            "ClampedToScreenInsets": {
                                "attributes": {
                                    "bottom": "number",
                                    "left": "number",
                                    "right": "number",
                                    "top": "number"
                                }
                            },
                            "ClearAnchors": [],
                            "DimensionConstraints": {
                                "attributes": {
                                    "maxX": "number",
                                    "maxY": "number",
                                    "minX": "number",
                                    "minY": "number"
                                }
                            },
                            "Dimensions": {
                                "attributes": {
                                    "x": "number",
                                    "y": "number"
                                }
                            },
                            "HitInsets": {
                                "attributes": {
                                    "bottom": "number",
                                    "left": "number",
                                    "right": "number",
                                    "top": "number"
                                }
                            },
                            "OnChar": {
                                "callable": "local self, key = ..."
                            },
                            "OnDragStart": {
                                "callable": "local self, button = ..."
                            },
                            "OnEffectivelyHidden": {
                                "callable": "local self, hidden = ..."
                            },
                            "OnEffectivelyShown": {
                                "callable": "local self, hidden = ..."
                            },
                            "OnHide": {
                                "callable": "local self, hidden = ..."
                            },
                            "OnInitialized": {
                                "callable": "local self = ..."
                            },
                            "OnKeyDown": {
                                "callable": "local self, key, ctrl, alt, shift, command = ..."
                            },
                            "OnKeyUp": {
                                "callable": "local self, key, ctrl, alt, shift, command = ..."
                            },
                            "OnMouseDoubleClick": {
                                "callable": "local self, button, ctrl, alt, shift, command = ..."
                            },
                            "OnMouseDown": {
                                "callable": "local self, button, ctrl, alt, shift, command = ..."
                            },
                            "OnMouseEnter": {
                                "callable": "local self = ..."
                            },
                            "OnMouseExit": {
                                "callable": "local self = ..."
                            },
                            "OnMouseUp": {
                                "callable": "local self, button, upInside, ctrl, alt, shift, command = ..."
                            },
                            "OnMouseWheel": {
                                "callable": "local self, delta, ctrl, alt, shift, command = ..."
                            },
                            "OnMoveStart": {
                                "callable": "local self = ..."
                            },
                            "OnMoveStop": {
                                "callable": "local self = ..."
                            },
                            "OnReceiveDrag": {
                                "callable": "local self, button = ..."
                            },
                            "OnRectChanged": {
                                "callable": "local self, newLeft, newTop, newRight, newBottom, oldLeft, oldTop, oldRight, oldBottom = ..."
                            },
                            "OnRectHeightChanged": {
                                "callable": "local self, newHeight, oldHeight = ..."
                            },
                            "OnRectWidthChanged": {
                                "callable": "local self, newWidth, oldWidth = ..."
                            },
                            "OnResizeStart": {
                                "callable": "local self = ..."
                            },
                            "OnResizeStop": {
                                "callable": "local self = ..."
                            },
                            "OnResizedToFit": {
                                "callable": "local self, desiredWidth, desiredHeight = ..."
                            },
                            "OnShow": {
                                "callable": "local self, hidden = ..."
                            },
                            "OnUpdate": {
                                "callable": "local self, time = ..."
                            },
                            "ResizeToFitPadding": {
                                "attributes": {
                                    "height": "number",
                                    "width": "number"
                                }
                            }
                        }
                    },
                    "Cooldown": {
                        "attributes": {
                            "blendMode": "[TextureBlendMode|#TextureBlendMode]",
                            "fillColor": "string",
                            "leadingEdgeTexture": "string",
                            "radialCooldownClockwise": "bool",
                            "radialCooldownOriginAngle": "number",
                            "textureFile": "string",
                            "textureFileReleaseOption": "[ReleaseReferenceOptions|#ReleaseReferenceOptions]"
                        },
                        "childs": {
                            "RadialCooldownGradient": {
                                "attributes": {
                                    "angularDistance": "number",
                                    "startAlpha": "number"
                                }
                            }
                        }
                    },
                    "DebugText": {
                        "attributes": {
                            "font": "string"
                        }
                    },
                    "EditBox": {
                        "attributes": {
                            "allowMarkupType": "[AllowMarkupType|#AllowMarkupType]",
                            "color": "string",
                            "editEnabled": "bool",
                            "font": "string",
                            "maxInputCharacters": "integer",
                            "multiLine": "bool",
                            "newLineEnabled": "bool",
                            "selectionColor": "string",
                            "textType": "string"
                        },
                        "childs": {
                            "OnBackspace": {
                                "callable": "local self = ..."
                            },
                            "OnDownArrow": {
                                "callable": "local self = ..."
                            },
                            "OnEnter": {
                                "callable": "local self = ..."
                            },
                            "OnEscape": {
                                "callable": "local self = ..."
                            },
                            "OnFocusGained": {
                                "callable": "local self = ..."
                            },
                            "OnFocusLost": {
                                "callable": "local self = ..."
                            },
                            "OnIMEBeginComposition": {
                                "callable": "local self = ..."
                            },
                            "OnIMEEndComposition": {
                                "callable": "local self = ..."
                            },
                            "OnPageDown": {
                                "callable": "local self = ..."
                            },
                            "OnPageUp": {
                                "callable": "local self = ..."
                            },
                            "OnSpace": {
                                "callable": "local self = ..."
                            },
                            "OnTab": {
                                "callable": "local self = ..."
                            },
                            "OnTextChanged": {
                                "callable": "local self = ..."
                            },
                            "OnUpArrow": {
                                "callable": "local self = ..."
                            }
                        }
                    },
                    "Label": {
                        "attributes": {
                            "color": "string",
                            "font": "string",
                            "horizontalAlignment": "[TextAlignment|#TextAlignment]",
                            "lineSpacing": "integer",
                            "linkEnabled": "bool",
                            "maxLineCount": "integer",
                            "minLineCount": "integer",
                            "modifyTextType": "[ModifyTextType|#ModifyTextType]",
                            "newLineIndent": "number",
                            "pixelRoundingEnabled": "bool",
                            "styleColor": "string",
                            "text": "string",
                            "verticalAlignment": "[TextAlignment|#TextAlignment]",
                            "wrapMode": "[TextWrapMode|#TextWrapMode]"
                        },
                        "childs": {
                            "AnchorToBaseline": {
                                "attributes": {
                                    "offsetX": "number",
                                    "relativeToLabel": "string",
                                    "side": "#AnchorPosition"
                                }
                            },
                            "OnLinkClicked": {
                                "callable": "local self, linkData, linkText, button, ctrl, alt, shift, command = ..."
                            },
                            "OnLinkMouseUp": {
                                "callable": "local self, linkData, linkText, button, ctrl, alt, shift, command = ..."
                            },
                            "OnTextChanged": {
                                "callable": "local self = ..."
                            },
                            "OnUserAreaCreated": {
                                "callable": "local self, areaData, areaText, left, right, top, bottom, continuation = ..."
                            }
                        }
                    },
                    "Line": {
                        "attributes": {
                            "blendMode": "[TextureBlendMode|#TextureBlendMode]",
                            "color": "string",
                            "pixelRoundingEnabled": "bool",
                            "textureFile": "string",
                            "thickness": "number"
                        },
                        "childs": {
                            "TextureCoords": {
                                "attributes": {
                                    "bottom": "number",
                                    "left": "number",
                                    "right": "number",
                                    "top": "number"
                                }
                            }
                        }
                    },
                    "MapDisplay": {
                        "attributes": {
                            "pinFont": "string",
                            "shape": "[ShapeType|#ShapeType]"
                        },
                        "childs": {
                            "MapGutter": {
                                "attributes": {
                                    "offset": "number",
                                    "size": "number"
                                }
                            },
                            "MapPinType": {
                                "attributes": {
                                    "aboveTexture": "string",
                                    "addedAnimation": "string",
                                    "animation": "string",
                                    "animationTarget": "#MapPinAnimationTarget",
                                    "areaTexture": "string",
                                    "arrowSize": "number",
                                    "arrowTexture": "string",
                                    "arrowType": "#MapArrowType",
                                    "belowTexture": "string",
                                    "linkTexture": "string",
                                    "name": "#MapDisplayPinType",
                                    "pinSize": "number",
                                    "pinTexture": "string",
                                    "pinXInset": "number",
                                    "pinYInset": "number",
                                    "removedAnimation": "string"
                                }
                            },
                            "OnVisibleRadiusChanged": {
                                "callable": "local self, radius = ..."
                            }
                        }
                    },
                    "Scroll": {
                        "childs": {
                            "FadeGradient": {
                                "attributes": {
                                    "size1": "number",
                                    "size2": "number",
                                    "x1": "number",
                                    "x2": "number",
                                    "y1": "number",
                                    "y2": "number"
                                }
                            },
                            "OnScrollExtentsChanged": {
                                "callable": "local self, horizontal, vertical = ..."
                            },
                            "OnScrollOffsetChanged": {
                                "callable": "local self, horizontal, vertical = ..."
                            }
                        }
                    },
                    "Slider": {
                        "attributes": {
                            "dragFromThumb": "bool",
                            "orientation": "[ControlOrientation|#ControlOrientation]",
                            "step": "number"
                        },
                        "childs": {
                            "BackgroundBottom": {
                                "attributes": {
                                    "bottom": "number",
                                    "left": "number",
                                    "right": "number",
                                    "textureFile": "string",
                                    "top": "number"
                                }
                            },
                            "BackgroundMiddle": {
                                "attributes": {
                                    "bottom": "number",
                                    "left": "number",
                                    "right": "number",
                                    "textureFile": "string",
                                    "top": "number"
                                }
                            },
                            "BackgroundTop": {
                                "attributes": {
                                    "bottom": "number",
                                    "left": "number",
                                    "right": "number",
                                    "textureFile": "string",
                                    "top": "number"
                                }
                            },
                            "Limits": {
                                "attributes": {
                                    "max": "number",
                                    "min": "number"
                                }
                            },
                            "OnEnabledStateChanged": {
                                "callable": "local self, enabled = ..."
                            },
                            "OnSliderReleased": {
                                "callable": "local self, value = ..."
                            },
                            "OnValueChanged": {
                                "callable": "local self, value, eventReason = ..."
                            },
                            "ThumbTexture": {
                                "attributes": {
                                    "bottom": "number",
                                    "disabledTextureFile": "string",
                                    "flushWithSliderExtents": "bool",
                                    "highlightedTextureFile": "string",
                                    "left": "number",
                                    "right": "number",
                                    "textureFile": "string",
                                    "thumbHeight": "number",
                                    "thumbWidth": "number",
                                    "top": "number"
                                }
                            }
                        }
                    },
                    "StatusBar": {
                        "attributes": {
                            "barAlignment": "[BarAlignment|#BarAlignment]",
                            "color": "string",
                            "enableFadeOut": "bool",
                            "fadeOutGainColor": "string",
                            "fadeOutLossColor": "string",
                            "fadeOutTextureFile": "string",
                            "orientation": "[ControlOrientation|#ControlOrientation]",
                            "textureFile": "string"
                        },
                        "childs": {
                            "LeadingEdge": {
                                "attributes": {
                                    "height": "number",
                                    "textureFile": "string",
                                    "width": "number"
                                }
                            },
                            "LeadingEdgeTextureCoords": {
                                "attributes": {
                                    "bottom": "number",
                                    "left": "number",
                                    "right": "number",
                                    "top": "number"
                                }
                            },
                            "Limits": {
                                "attributes": {
                                    "max": "number",
                                    "min": "number"
                                }
                            },
                            "OnMinMaxValueChanged": {
                                "callable": "local self, min, max = ..."
                            },
                            "OnValueChanged": {
                                "callable": "local self, value, eventReason = ..."
                            },
                            "ScrollingOverlay": {
                                "attributes": {
                                    "duration": "integer",
                                    "height": "number",
                                    "textureFile": "string",
                                    "width": "number"
                                }
                            },
                            "TextureCoords": {
                                "attributes": {
                                    "bottom": "number",
                                    "left": "number",
                                    "right": "number",
                                    "top": "number"
                                }
                            }
                        }
                    },
                    "TextBuffer": {
                        "attributes": {
                            "color": "string",
                            "drawLastEntryIfOutOfRoom": "bool",
                            "font": "string",
                            "horizontalAlignment": "[TextAlignment|#TextAlignment]",
                            "linkEnabled": "bool",
                            "maxHistoryLines": "integer",
                            "splitLongMessages": "bool"
                        },
                        "childs": {
                            "LineFade": {
                                "attributes": {
                                    "fadeBegin": "number",
                                    "fadeDuration": "number"
                                }
                            },
                            "OnLinkClicked": {
                                "callable": "local self, linkData, linkText, button, ctrl, alt, shift, command = ..."
                            },
                            "OnLinkMouseUp": {
                                "callable": "local self, linkData, linkText, button, ctrl, alt, shift, command = ..."
                            }
                        }
                    },
                    "Texture": {
                        "attributes": {
                            "addressMode": "[TextureAddressMode|#TextureAddressMode]",
                            "autoAdjustTextureCoords": "bool",
                            "blendMode": "[TextureBlendMode|#TextureBlendMode]",
                            "color": "string",
                            "desaturation": "number",
                            "pixelRoundingEnabled": "bool",
                            "resizeToFitFile": "bool",
                            "shaderEffectType": "[ShaderEffectType|#ShaderEffectType]",
                            "textureCoordsRotation": "number",
                            "textureFile": "string",
                            "textureFileReleaseOption": "[ReleaseReferenceOptions|#ReleaseReferenceOptions]"
                        },
                        "childs": {
                            "LocalDimensions3D": {
                                "attributes": {
                                    "x": "number",
                                    "y": "number"
                                }
                            },
                            "OnTextureLoaded": {
                                "callable": "local self = ..."
                            },
                            "TextureCoords": {
                                "attributes": {
                                    "bottom": "number",
                                    "left": "number",
                                    "right": "number",
                                    "top": "number"
                                }
                            },
                            "TextureSampleProcessingWeight": {
                                "attributes": {
                                    "type": "#TextureSampleProcessing",
                                    "weight": "number"
                                }
                            }
                        }
                    },
                    "TextureComposite": {
                        "attributes": {
                            "blendMode": "[TextureBlendMode|#TextureBlendMode]",
                            "pixelRoundingEnabled": "bool",
                            "textureFile": "string",
                            "textureFileReleaseOption": "[ReleaseReferenceOptions|#ReleaseReferenceOptions]"
                        },
                        "childs": {
                            "Surface": {
                                "attributes": {
                                    "color": "string",
                                    "insetBottom": "number",
                                    "insetLeft": "number",
                                    "insetRight": "number",
                                    "insetTop": "number",
                                    "texCoordBottom": "number",
                                    "texCoordLeft": "number",
                                    "texCoordRight": "number",
                                    "texCoordTop": "number"
                                }
                            }
                        }
                    },
                    "Tooltip": {
                        "attributes": {
                            "font": "string",
                            "headerRowSpacing": "number",
                            "headerVerticalOffset": "number"
                        },
                        "childs": {
                            "OnAddGameData": {
                                "callable": "local self = ..."
                            },
                            "OnCleared": {
                                "callable": "local self = ..."
                            }
                        }
                    },
                    "TopLevelControl": {
                        "attributes": {
                            "allowBringToTop": "bool",
                            "topmost": "bool"
                        }
                    }
                }
            },
            "Font": {
                "attributes": {
                    "font": "string",
                    "inherits": "string"
                },
                "childs": {
                    "sentinel_element": []
                }
            },
            "String": {
                "attributes": {
                    "name": "string",
                    "value": "string"
                }
            }
        }
    }
}